{"cameraMode":{"drawMode":0,"name":"Shaded","section":"Shading Mode"},"sceneLighting":false,"audioPlay":false,"sceneViewState":{"m_AlwaysRefresh":false,"showFog":true,"showSkybox":false,"showFlares":true,"showImageEffects":true,"showParticleSystems":true,"showVisualEffectGraphs":true,"m_FxEnabled":true},"in2DMode":false,"pivot":{"x":-2.134766101837158,"y":-0.14161205291748048,"z":9.534969329833985},"rotation":{"x":0.28573817014694216,"y":-0.18958133459091187,"z":0.057769667357206348,"w":0.9376060366630554},"size":10.096868515014649,"orthographic":false}